,ID,Name
0,11734167054323712,bullish
1,31815576766779392,Stock Selection Strategy
2,25983296701861888,TOP NEWS
3,86240856939565056,MyRetirementPlan
4,171133560590725120,StrongerTogether
5,158269927280246784,WEBULL TWO YEAR ANNIVERSARY
6,26841698688700416,Order Page
7,73164046639173632,ALL IN
8,168085387320770560,Auger
9,155404295641255936,Options trading Strategies
10,32433388786946048,Options Trading
11,72501913454780416,WeTrader Competition
12,66524669985034240,NASDAQ TotalView
13,27301289012629504,fomo
14,12695659857711104,Bearish
15,168179605959544832,Top 10 List
16,168715926658629632,Top Gain
17,148024403496812544,killingit
18,26986863092961280,New Season
19,112456773260152832,SharkClub
20,134810914141659136,CryptocurrencyTrading
21,31142211756363776,Bitcoin Surge
22,170752357686992896,USOpen2020
23,133177834716946432,My Favorite Features on Webull
24,170795825366310912,Topstock
25,143421083725492224,togethearn
26,126205076002983936,LearnandEarn
27,46320061144764416,Q&A Competition
28,88435901683871744,KySwingTrader
29,168548977337188352,GetInHere
30,99400672633569280,LongTermBonds
31,171077324159610880,Robinhooddown
32,153294953863872512,Vislink VISL
33,158551170634919936,DailyCoachPicks
34,151545137521364992,WisemenTraderz
35,170365305288024064,WisemenCoaching
36,170115144673673216,HoldForTheGold
37,170186286022172672,Notfuckingselling
38,78994461237055488,holding
39,169959723849682944,Simpsons
40,162683043800952832,UAVS
41,168978844112998400,FuckMotleyFool
42,168963173933662208,Sabbymangementllc fraud
43,168927855264153600,MySharesMatter
44,168596689131589632,Amazing
45,168579296225316864,TeamGNUS
46,168433856115916800,Bullstrong
47,28283427975467008,tsla
48,157195565723967488,NKLA
49,167209005450924032,dolphin
50,75269224788004864,Google
51,154747736831983616,MVIS
52,69991402737639424,TOP Performers
53,36154397075574784,Nndm
54,155897258125987840,Remark holdings
55,167287314988306432,DoItForStanLee
56,160224723701870592,wellbull happy two year anniversary
57,166061049009418240,TDMI
58,166057554248216576,LetsBeBetterHumans
59,166042240173223936,Spirit Airlines
60,166041190582202368,Unbothered
61,166039194714255360,Extremebullish
62,166012381980012544,cosmo
63,163168018065555456,takenotes
64,160943207237603328,BullCity
65,71497322453938176,Bullscrushbearstm
66,149640342590066688,TradesbytheBell
67,157396658968756224,moneymachine
68,157346432442597376,Stockoptions
69,148020360284901376,vaccine
70,155495794632982528,lambo
71,153010595083591680,MRO
72,16792201434632192,Winning
73,135305262402768896,Staypositive
74,128214323620364288,Webull 6.0
75,20038538208874496,to the moon
76,16791943669485568,Webull
77,168860412759969792,Sellaput
78,168132024460021760,Little money
79,168173896607895552,SharkAttack
80,170767315057258496,52WKHIGH
81,10486757116219392,Stock Picks
82,163329279433543680,Snapchat
83,170767626388004864,Snap On Up
84,106441108669734912,The team with the green
85,39182483559944192,Wallstreetbets
86,38593450328854528,watchlist
87,22729748098715648,Daytrader
88,48963271209914368,Swing
89,66289774129975296,payday
90,132699434113966080,Go bulls
91,165616771240677376,Bulls time
92,135643122905530368,Bulls on parade
93,104032968607145984,GoBullsGo
94,167428879536517120,Pacific Drilling
95,167205454782304256,Followyourtradingplan
96,21863445544701952,Bulls
97,156349071165919232,DallasTrades
98,161337246864822272,Cult
99,17590079933517824,long
100,75059459348639744,strategy
101,41056850204037120,BullBullRun
102,41056574868951040,BullyBullRun
103,165732573552480256,Bull gang
104,163883859930243072,BullTip
105,168313372135034880,FuckMotelyFool
106,168277077161578496,Potential
107,161548807264980992,Bullish team
108,167084267764912128,Chartpatterns
109,69094111117971456,stockmarket
110,32674819099201536,TRADING
111,166045251822731264,IcantBreathe
112,165639288705634304,WSTL
113,69032803668467712,strongbuy
114,63745114132062208,Noob
115,72496097695764480,Diversify
116,38338491612008448,Stocks
117,167245761026068480,takingnotes
118,167157738186379264,Shortsarecucks
119,167157799131746304,Cucks
120,71056236862382080,Let‚Äôs go
121,162822489518272512,TeamLk
122,162692404291203072,Savebiglou
123,162915992085475328,highroller
124,162629087702732800,selfdrop
125,157275946207576064,Class 1-A
126,135261970902441984,funding SECURED
127,168939960293855232,GetWeBulled
128,168950019983949824,Snitchesgetstitches
129,168992365005967360,honestinvestor
130,168901528037376000,iftheshoefits
131,164891716278476800,rocketpower
132,164866945589350400,newmonth
133,163314194806906880,DividendInvestor
134,67386815392391168,Patience
135,161648923481133056,America
136,163874799755452416,Stock market
137,161130528648368128,WeLoveWebull
138,163482419902763008,profitablity
139,163446855874859008,Fly baby fly
140,163448989592387584,Bullish üêÉüêÉüêÉüêÉ
141,162736096263696384,F.I.R.E.
142,140282309596299264,moneylong
143,156683686728601600,Optemistic
144,116116447293476864,bitcoin halving
145,114409076250791936,Short squeeze
146,119945223563513856,Bullishüí•üí•üí•üî•üî•üî•üöÄüöÄüöÄüöÄ
147,152951032127434752,learntotrade
148,36620432895512576,free
149,122791944987480064,Upandup
150,141017725983133696,tops
151,135095739838763008,Aytu
152,166837973968424960,NE
153,150448162288340992,AYTU
154,156271734496174080,Xspa
155,143531888177475584,Tops
156,143243707838271488,Aytu bioscience
157,147143793104523264,xpresspa
158,81960587692740608,bngo
159,158771417036009472,$genuis brands
160,157718445476708352,Gnus
161,155516705297825792,Mark
162,157134986763210752,GetThat$$$
163,26852832070209536,tesla
164,53169435103596544,Ford
165,96737145389191168,DFFN
166,31201628593983488,Spy
167,16002448783183872,Ugaz
168,160703717412974592,Trader4life
169,122587026146070528,uavs
170,15676557834194944,Apple
171,43629381746298880,pennystocks
172,102248988937428992,PennyStock
173,64341036985622528,tips&tricks
174,139325976587943936,Wisemen
175,151482488891281408,EarnTogether
176,15255295613865984,AAPL
177,109462538168709120,plug
178,116112516643426304,gnus
179,111636048211226624,Tesla
180,165940115707539456,GeniusBrands
181,167662862401970176,Webullin
182,167622415021416448,Gain
183,163584069610569728,Scared
184,167438338950041600,Nikola
185,152959150422499328,EYES
186,158819259763032064,Sren
187,49654974879240192,codx
188,137159302749253632,Roche Hldg
189,107317815324848128,Love
190,170660598701252608,tocagen
191,170663160579366912,forte
192,59289753090134016,Webull-help
193,170541469482770432,HappyAnniversaryWebull
194,170541635870666752,WolfOfMystreet
195,132113103390420992,GOOG
196,25064761930682368,cryptocurrency
197,135175172809428992,Moderna
198,57065195427729408,RealMoney
199,115312059415146496,Team bulls
200,100093937859051520,teamwebull
201,56474414665043968,buy
202,67547846555078656,hotmail
203,73160806350594048,Opportunity Knocking
204,71111598646894592,BulishCat
205,32675193642160128,CASHMONEY
206,122863612355284992,Volume
207,26635985160900608,Webull One Year Anniversary
208,142859307531243520,Teamwork
209,62025709866061824,RealMoney team
210,162622854006730752,Big5
211,45635515139100672,TeamPTTTTP
212,113201703641305088,SEE 20/20 in 2020
213,57351592525041664,Labrats
214,125468389224370176,compoundinginterest
215,18528503985213440,Charts
216,61234898018635776,buzzdfatkid
217,49513790013837312,repost
218,18599164216741888,bull
219,31235988185550848,longbull
220,80143247145578496,BullRun
221,131196352976789504,bullgang
222,157422360266964992,BULLBALLS
223,152257087200956416,Bullnation
224,140164659901796352,BullsUnite
225,81877337150468096,Consistency
226,156364333432868864,AintersGonnaAin't
227,164891767077769216,iaintselling
228,163012366453977088,growthstock
229,141064811655073792,Money management
230,39984291068907520,Learning
231,158379801972473856,RETIREMENTSTOCK
232,71497410362355712,Bullsvsbears
233,114563678187175936,Bullflag
234,114695953130332160,Nicks charts
235,85086784194744320,Nickadia
236,40584561121431552,Bullish!!
237,34470740967428096,Bullish
238,69613053418803200,builish
239,157382364608757760,cashruleeverythingaroundmeCREAMgetdamoney$$$
240,142047639901454336,Topship
241,137806868499283968,MoneyTeam
242,160193423352958976,Vtiq
243,132502624619601920,inovio
244,144909273703550976,xspa
245,146203609686888448,MFA
246,136194841683062784,OAS
247,128299846867238912,zom
248,147177720009478144,byebyeshorts
249,147209242208915456,MondayMoney
250,146454716510130176,illuminati
251,19420434239983616,Dividend
252,60967458584006656,TBLT
253,143511525829799936,Bkyi
254,48644101419175936,trnx
255,84179596081246208,gush
256,135096594843459584,bank.
257,35688152345743360,congrats
258,170023461202182144,Buffet
259,168832561214066688,xpsa
260,163508517994299392,KartoonChannel!
261,168583155869040640,showmethemoney
262,133099438146215936,Liftoff!!!
263,120743901010210816,Positivity
264,136489096091693056,Walt Disney
265,135018963141791744,Netflix
266,156189997246193664,HTZ
267,145888545062801408,SHIP
268,169826764173807616,Toyota
269,104148774871506944,Boeing
270,154894839283208192,Hertz
271,140116645048913920,Mgm
272,167158235020595200,Xom
273,163837491438149632,Wmt
274,158951113224794112,U.S. Space Force
275,149846468543778816,Spacex
276,89212968654479360,Solar
277,149984740015087616,uso
278,79792464189337600,ibio
279,20129346958266368,options
280,104702345895612416,nio
281,117101707552501760,Stitchfix
282,67261600167501824,promotion
283,40632538766643200,Webull Trading Competition
284,143550831973789696,Dow Jones
285,71806320516411392,Options Plays
286,131973959817277440,APT
287,16721547712663552,Amazon
288,135377767884787712,Vxx
289,18104354854801408,msft
290,87018764872331264,Fb
291,132113176878817280,NFLX
292,132113242012168192,QQQ
293,132113277919600640,DIA
294,120389413925687296,DiamondTrader
295,129390328083005440,spacebound
296,99344265381036032,Ontx
297,35492093891842048,bynd
298,110375508969132032,BRKB
299,110375626426421248,BAC
300,17928976790065152,Warren Buffet
301,25409200758853632,BTFD üëç
302,165816699370508288,GnusGang
303,165902047106351104,cidm
304,122906601068834816,visl
305,165939145620373504,CANF
306,101485683939622912,SGBX
307,165939520431767552,DPLN
308,29244145814081536,royt
309,116112876544069632,htbx
310,100674030490763264,2020
311,25064012945428480,crypto
312,32879370666381312,buffett lunch
313,34374669129879552,blockchain
314,82640973737365504,Buzzd Bull's
315,161035880065716224,Baby bull
316,99167016103063552,YOUBULLSHIT
317,160621652312231936,Bullyup
318,39218560857411584,powerhour
319,18276406576418816,5G
320,40785878439825408,flag
321,130942574486777856,Lk
322,98513082074140672,sglb
323,162607004121747456,DCAR
324,27908818914643968,bioc
325,95729315618099200,NAKD
326,152744539560488960,DIVIDEND STOCKS
327,134165682790207488,Goodluck
328,75233174392811520,watchthisshit
329,71432997945094144,EX-Dividend
330,49397742342115328,buy the dip
331,16560729222156288,quickbuckstip
332,16720176959590400,Trading Competition
333,19423058330783744,Dividend reinvestment
334,137795841267236864,AAL
335,142415708544962560,Izea
336,163167369952346112,Mndm
337,163076138451632128,Akron
338,20640887746990080,ge
339,167783844404957184,BGL
340,54721826001129472,chesapeake
341,143626408147685376,whiting petroleum
342,167579694796247040,ice cube
343,166363723107475456,Stay strong
344,151126018806943744,ChubbyFlyers
345,162804470252318720,Avis
346,166045442616602624,Enterprise
347,73951906673864704,Delisted
348,123275228079067136,AT&T
349,22724560021491712,Trump
350,20124288862523392,uber
351,21150384798175232,Lyft
352,152565826863767552,CarRentals
353,161886430852468736,Plane flights
354,155193039494217728,Bloomberg
355,161473408493342720,Stocknews
356,156186747092242432,WeBullSucks
357,89546856945823744,option plays
358,123257358917971968,Growth
359,26110363586138112,PROFIT
360,151271926005665792,SwingTradingOptions
361,86963244715094016,stock
362,97392986589114368,NLTrades
363,107029032499032064,milestone
364,80333858863722496,calls
365,82763734581383168,put
366,106944963236990976,Christmaseve
367,92134466528616448,Holidays
368,23546702262833152,earnings
369,16519821793562624,earnings season
370,32022077120843776,notableearnings
371,86020682089115648,EarningsCalendar
372,86026196713869312,Volatility
373,71806601073397760,Strangle
374,82349881859117056,Alert
375,82489354609631232,call
376,165816808284000256,F**kPawPatrol
377,166007541636579328,CIDM
378,46440749297963008,trxc
379,71740092171038720,ttnp
380,167119663521533952,genius Brands
381,166390419084877824,Kbhome
382,163494951371210752,GECEO
383,163494989417742336,Ceo
384,163495322949210112,StockGames
385,150912665112678400,booyah
386,150824388823781376,Parabolic
387,150729437419048960,Letsgo!
388,166742574360367104,ship
389,166056236360974336,Sqbg
